MetricCategory,MetricName,Value,Unit
Throughput,RPS,345.1,req/s
Throughput,TotalRequests,75922,requests
Throughput,SuccessRate,75.62,%
LatencySimple,p50,138.45,ms
LatencySimple,p90,171.63,ms
LatencySimple,p95,183.25,ms
LatencySimple,p99,208.41,ms
LatencyCrossDb,p50,142.27,ms
LatencyCrossDb,p90,176.72,ms
LatencyCrossDb,p95,188.26,ms
LatencyCrossDb,p99,214.41,ms
LatencyComplex,p50,148.4,ms
LatencyComplex,p90,372.62,ms
LatencyComplex,p95,401.41,ms
LatencyComplex,p99,450,ms
LatencyMutations,p50,3.24,ms
LatencyMutations,p90,156.73,ms
LatencyMutations,p95,170.63,ms
LatencyMutations,p99,195.23,ms
Errors,RATE_LIMIT_EXCEEDED,0,count
Errors,FORBIDDEN,27672,count
Errors,QUERY_TOO_COMPLEX,0,count
Errors,RESPONSE_TOO_LARGE,0,count
Errors,INTERNAL_SERVER_ERROR,0,count
Idempotency,IdempotentHits,6825,count